{
  "started_at": 1777027391.8334515,
  "duration_sec": 0.6814565658569336,
  "baseline_mean": {
    "seed_easy_memory_leak": 0.2767708333333333,
    "seed_dns_misconfiguration": 0.2670208333333334,
    "seed_cert_expiry": 0.23127083333333331,
    "seed_cache_stampede": 0.28327083333333325,
    "seed_replica_lag": 0.2946458333333333,
    "seed_http_503_loop": 0.25564583333333335
  },
  "scripted_mean": {
    "seed_easy_memory_leak": 0.9794208333333332,
    "seed_dns_misconfiguration": 0.9794208333333332,
    "seed_cert_expiry": 0.9794208333333332,
    "seed_cache_stampede": 0.9794208333333332,
    "seed_replica_lag": 0.9794208333333332,
    "seed_http_503_loop": 0.6294208333333333
  },
  "baseline_raw": {
    "seed_easy_memory_leak": [
      0.2767708333333333,
      0.2767708333333333,
      0.2767708333333333,
      0.2767708333333333,
      0.2767708333333333,
      0.2767708333333333,
      0.2767708333333333,
      0.2767708333333333,
      0.2767708333333333,
      0.2767708333333333,
      0.2767708333333333,
      0.2767708333333333,
      0.2767708333333333,
      0.2767708333333333,
      0.2767708333333333,
      0.2767708333333333,
      0.2767708333333333,
      0.2767708333333333,
      0.2767708333333333,
      0.2767708333333333
    ],
    "seed_dns_misconfiguration": [
      0.2670208333333333,
      0.2670208333333333,
      0.2670208333333333,
      0.2670208333333333,
      0.2670208333333333,
      0.2670208333333333,
      0.2670208333333333,
      0.2670208333333333,
      0.2670208333333333,
      0.2670208333333333,
      0.2670208333333333,
      0.2670208333333333,
      0.2670208333333333,
      0.2670208333333333,
      0.2670208333333333,
      0.2670208333333333,
      0.2670208333333333,
      0.2670208333333333,
      0.2670208333333333,
      0.2670208333333333
    ],
    "seed_cert_expiry": [
      0.23127083333333331,
      0.23127083333333331,
      0.23127083333333331,
      0.23127083333333331,
      0.23127083333333331,
      0.23127083333333331,
      0.23127083333333331,
      0.23127083333333331,
      0.23127083333333331,
      0.23127083333333331,
      0.23127083333333331,
      0.23127083333333331,
      0.23127083333333331,
      0.23127083333333331,
      0.23127083333333331,
      0.23127083333333331,
      0.23127083333333331,
      0.23127083333333331,
      0.23127083333333331,
      0.23127083333333331
    ],
    "seed_cache_stampede": [
      0.28327083333333336,
      0.28327083333333336,
      0.28327083333333336,
      0.28327083333333336,
      0.28327083333333336,
      0.28327083333333336,
      0.28327083333333336,
      0.28327083333333336,
      0.28327083333333336,
      0.28327083333333336,
      0.28327083333333336,
      0.28327083333333336,
      0.28327083333333336,
      0.28327083333333336,
      0.28327083333333336,
      0.28327083333333336,
      0.28327083333333336,
      0.28327083333333336,
      0.28327083333333336,
      0.28327083333333336
    ],
    "seed_replica_lag": [
      0.29464583333333333,
      0.29464583333333333,
      0.29464583333333333,
      0.29464583333333333,
      0.29464583333333333,
      0.29464583333333333,
      0.29464583333333333,
      0.29464583333333333,
      0.29464583333333333,
      0.29464583333333333,
      0.29464583333333333,
      0.29464583333333333,
      0.29464583333333333,
      0.29464583333333333,
      0.29464583333333333,
      0.29464583333333333,
      0.29464583333333333,
      0.29464583333333333,
      0.29464583333333333,
      0.29464583333333333
    ],
    "seed_http_503_loop": [
      0.25564583333333335,
      0.25564583333333335,
      0.25564583333333335,
      0.25564583333333335,
      0.25564583333333335,
      0.25564583333333335,
      0.25564583333333335,
      0.25564583333333335,
      0.25564583333333335,
      0.25564583333333335,
      0.25564583333333335,
      0.25564583333333335,
      0.25564583333333335,
      0.25564583333333335,
      0.25564583333333335,
      0.25564583333333335,
      0.25564583333333335,
      0.25564583333333335,
      0.25564583333333335,
      0.25564583333333335
    ]
  },
  "scripted_raw": {
    "seed_easy_memory_leak": [
      0.9794208333333332,
      0.9794208333333332,
      0.9794208333333332,
      0.9794208333333332,
      0.9794208333333332
    ],
    "seed_dns_misconfiguration": [
      0.9794208333333332,
      0.9794208333333332,
      0.9794208333333332,
      0.9794208333333332,
      0.9794208333333332
    ],
    "seed_cert_expiry": [
      0.9794208333333332,
      0.9794208333333332,
      0.9794208333333332,
      0.9794208333333332,
      0.9794208333333332
    ],
    "seed_cache_stampede": [
      0.9794208333333332,
      0.9794208333333332,
      0.9794208333333332,
      0.9794208333333332,
      0.9794208333333332
    ],
    "seed_replica_lag": [
      0.9794208333333332,
      0.9794208333333332,
      0.9794208333333332,
      0.9794208333333332,
      0.9794208333333332
    ],
    "seed_http_503_loop": [
      0.6294208333333333,
      0.6294208333333333,
      0.6294208333333333,
      0.6294208333333333,
      0.6294208333333333
    ]
  }
}